<keymap version="1" name="Windows Proper Redo" parent="$default">
  <action id="$Redo">
    <keyboard-shortcut first-keystroke="shift ctrl z" />
    <keyboard-shortcut first-keystroke="shift alt back_space" />
    <keyboard-shortcut first-keystroke="ctrl y" />
  </action>
  <action id="EditorDeleteLine" />
  <action id="Kotlin.NewFile">
    <keyboard-shortcut first-keystroke="alt n" />
  </action>
  <action id="KotlinConsoleREPL">
    <keyboard-shortcut first-keystroke="alt k" />
  </action>
</keymap>